Year,Month,Date,Is.Diwali,AQI,AQI_Category,Category
2019,January,1,NA,368,Very Poor,4
2019,January,2,NA,338,Very Poor,4
2019,January,3,NA,364,Very Poor,4
2019,January,4,NA,408,Severe,5
2019,January,5,NA,382,Very Poor,4
2019,January,6,NA,308,Very Poor,4
2019,January,7,NA,288,Poor,3
2019,January,8,NA,310,Very Poor,4
2019,January,9,NA,335,Very Poor,4
2019,January,10,NA,364,Very Poor,4
2019,January,11,NA,363,Very Poor,4
2019,January,12,NA,402,Severe,5
2019,January,13,NA,374,Very Poor,4
2019,January,14,NA,402,Severe,5
2019,January,15,NA,386,Very Poor,4
2019,January,16,NA,314,Very Poor,4
2019,January,17,NA,340,Very Poor,4
2019,January,18,NA,364,Very Poor,4
2019,January,19,NA,399,Very Poor,4
2019,January,20,NA,396,Very Poor,4
2019,January,21,NA,397,Very Poor,4
2019,January,22,NA,410,Severe,5
2019,January,23,NA,419,Severe,5
2019,January,24,NA,373,Very Poor,4
2019,January,25,NA,323,Very Poor,4
2019,January,26,NA,284,Poor,3
2019,January,27,NA,248,Poor,3
2019,January,28,NA,245,Poor,3
2019,January,29,NA,214,Poor,3
2019,January,30,NA,237,Poor,3
2019,January,31,NA,275,Poor,3
2019,February,1,NA,328,Very Poor,4
2019,February,2,NA,338,Very Poor,4
2019,February,3,NA,338,Very Poor,4
2019,February,4,NA,306,Very Poor,4
2019,February,5,NA,322,Very Poor,4
2019,February,6,NA,340,Very Poor,4
2019,February,7,NA,332,Very Poor,4
2019,February,8,NA,306,Very Poor,4
2019,February,9,NA,262,Poor,3
2019,February,10,NA,151,Moderate,2
2019,February,11,NA,178,Moderate,2
2019,February,12,NA,248,Poor,3
2019,February,13,NA,264,Poor,3
2019,February,14,NA,331,Very Poor,4
2019,February,15,NA,344,Very Poor,4
2019,February,16,NA,254,Poor,3
2019,February,17,NA,212,Poor,3
2019,February,18,NA,228,Poor,3
2019,February,19,NA,298,Poor,3
2019,February,20,NA,208,Poor,3
2019,February,21,NA,298,Poor,3
2019,February,22,NA,212,Poor,3
2019,February,23,NA,226,Poor,3
2019,February,24,NA,254,Poor,3
2019,February,25,NA,186,Moderate,2
2019,February,26,NA,123,Moderate,2
2019,February,27,NA,64,Satisfactory,1
2019,February,28,NA,68,Satisfactory,1
2019,March,1,NA,167,Moderate,2
2019,March,2,NA,174,Moderate,2
2019,March,3,NA,224,Poor,3
2019,March,4,NA,230,Poor,3
2019,March,5,NA,90,Satisfactory,1
2019,March,6,NA,150,Moderate,2
2019,March,7,NA,212,Poor,3
2019,March,8,NA,168,Moderate,2
2019,March,9,NA,237,Poor,3
2019,March,10,NA,218,Poor,3
2019,March,11,NA,110,Moderate,2
2019,March,12,NA,269,Poor,3
2019,March,13,NA,144,Moderate,2
2019,March,14,NA,205,Poor,3
2019,March,15,NA,222,Poor,3
2019,March,16,NA,100,Satisfactory,1
2019,March,17,NA,144,Moderate,2
2019,March,18,NA,98,Satisfactory,1
2019,March,19,NA,124,Moderate,2
2019,March,20,NA,122,Moderate,2
2019,March,21,NA,130,Moderate,2
2019,March,22,NA,91,Satisfactory,1
2019,March,23,NA,117,Moderate,2
2019,March,24,NA,228,Poor,3
2019,March,25,NA,202,Poor,3
2019,March,26,NA,204,Poor,3
2019,March,27,NA,130,Moderate,2
2019,March,28,NA,127,Moderate,2
2019,March,29,NA,168,Moderate,2
2019,March,30,NA,94,Satisfactory,1
2019,March,31,NA,106,Moderate,2
2019,April,1,NA,66,Satisfactory,1
2019,April,2,NA,75,Satisfactory,1
2019,April,3,NA,64,Satisfactory,1
2019,April,4,NA,82,Satisfactory,1
2019,April,5,NA,78,Satisfactory,1
2019,April,6,NA,88,Satisfactory,1
2019,April,7,NA,66,Satisfactory,1
2019,April,8,NA,68,Satisfactory,1
2019,April,9,NA,67,Satisfactory,1
2019,April,10,NA,60,Satisfactory,1
2019,April,11,NA,58,Satisfactory,1
2019,April,12,NA,62,Satisfactory,1
2019,April,13,NA,74,Satisfactory,1
2019,April,14,NA,64,Satisfactory,1
2019,April,15,NA,68,Satisfactory,1
2019,April,16,NA,84,Satisfactory,1
2019,April,17,NA,116,Moderate,2
2019,April,18,NA,178,Moderate,2
2019,April,19,NA,170,Moderate,2
2019,April,20,NA,116,Moderate,2
2019,April,21,NA,82,Satisfactory,1
2019,April,22,NA,86,Satisfactory,1
2019,April,23,NA,64,Satisfactory,1
2019,April,24,NA,73,Satisfactory,1
2019,April,25,NA,59,Satisfactory,1
2019,April,26,NA,68,Satisfactory,1
2019,April,27,NA,87,Satisfactory,1
2019,April,28,NA,80,Satisfactory,1
2019,April,29,NA,74,Satisfactory,1
2019,April,30,NA,45,Good,0
2019,May,1,NA,32,Good,0
2019,May,2,NA,27,Good,0
2019,May,3,NA,33,Good,0
2019,May,4,NA,38,Good,0
2019,May,5,NA,79,Satisfactory,1
2019,May,6,NA,87,Satisfactory,1
2019,May,7,NA,90,Satisfactory,1
2019,May,8,NA,102,Moderate,2
2019,May,9,NA,101,Moderate,2
2019,May,10,NA,104,Moderate,2
2019,May,11,NA,86,Satisfactory,1
2019,May,12,NA,80,Satisfactory,1
2019,May,13,NA,97,Satisfactory,1
2019,May,14,NA,83,Satisfactory,1
2019,May,15,NA,86,Satisfactory,1
2019,May,16,NA,84,Satisfactory,1
2019,May,17,NA,96,Satisfactory,1
2019,May,18,NA,96,Satisfactory,1
2019,May,19,NA,97,Satisfactory,1
2019,May,20,NA,113,Moderate,2
2019,May,21,NA,88,Satisfactory,1
2019,May,22,NA,88,Satisfactory,1
2019,May,23,NA,78,Satisfactory,1
2019,May,24,NA,76,Satisfactory,1
2019,May,25,NA,72,Satisfactory,1
2019,May,26,NA,87,Satisfactory,1
2019,May,27,NA,112,Moderate,2
2019,May,28,NA,111,Moderate,2
2019,May,29,NA,109,Moderate,2
2019,May,30,NA,102,Moderate,2
2019,May,31,NA,91,Satisfactory,1
2019,June,1,NA,78,Satisfactory,1
2019,June,2,NA,78,Satisfactory,1
2019,June,3,NA,65,Satisfactory,1
2019,June,4,NA,76,Satisfactory,1
2019,June,5,NA,56,Satisfactory,1
2019,June,6,NA,45,Good,0
2019,June,7,NA,48,Good,0
2019,June,8,NA,44,Good,0
2019,June,9,NA,61,Satisfactory,1
2019,June,10,NA,69,Satisfactory,1
2019,June,11,NA,66,Satisfactory,1
2019,June,12,NA,69,Satisfactory,1
2019,June,13,NA,80,Satisfactory,1
2019,June,14,NA,94,Satisfactory,1
2019,June,15,NA,87,Satisfactory,1
2019,June,16,NA,58,Satisfactory,1
2019,June,17,NA,72,Satisfactory,1
2019,June,18,NA,111,Moderate,2
2019,June,19,NA,91,Satisfactory,1
2019,June,20,NA,91,Satisfactory,1
2019,June,21,NA,44,Good,0
2019,June,22,NA,44,Good,0
2019,June,23,NA,39,Good,0
2019,June,24,NA,50,Good,0
2019,June,25,NA,60,Satisfactory,1
2019,June,26,NA,50,Good,0
2019,June,27,NA,45,Good,0
2019,June,28,NA,58,Satisfactory,1
2019,June,29,NA,76,Satisfactory,1
2019,June,30,NA,101,Moderate,2
2019,July,1,NA,51,Satisfactory,1
2019,July,2,NA,41,Good,0
2019,July,3,NA,48,Good,0
2019,July,4,NA,65,Satisfactory,1
2019,July,5,NA,66,Satisfactory,1
2019,July,6,NA,52,Satisfactory,1
2019,July,7,NA,44,Good,0
2019,July,8,NA,58,Satisfactory,1
2019,July,9,NA,61,Satisfactory,1
2019,July,10,NA,57,Satisfactory,1
2019,July,11,NA,58,Satisfactory,1
2019,July,12,NA,59,Satisfactory,1
2019,July,13,NA,69,Satisfactory,1
2019,July,14,NA,82,Satisfactory,1
2019,July,15,NA,86,Satisfactory,1
2019,July,16,NA,89,Satisfactory,1
2019,July,17,NA,101,Moderate,2
2019,July,18,NA,90,Satisfactory,1
2019,July,19,NA,40,Good,0
2019,July,20,NA,43,Good,0
2019,July,21,NA,52,Satisfactory,1
2019,July,22,NA,48,Good,0
2019,July,23,NA,42,Good,0
2019,July,24,NA,38,Good,0
2019,July,25,NA,63,Satisfactory,1
2019,July,26,NA,63,Satisfactory,1
2019,July,27,NA,52,Satisfactory,1
2019,July,28,NA,33,Good,0
2019,July,29,NA,29,Good,0
2019,July,30,NA,41,Good,0
2019,July,31,NA,51,Satisfactory,1
2019,August,1,NA,51,Satisfactory,1
2019,August,2,NA,37,Good,0
2019,August,3,NA,46,Good,0
2019,August,4,NA,64,Satisfactory,1
2019,August,5,NA,72,Satisfactory,1
2019,August,6,NA,56,Satisfactory,1
2019,August,7,NA,35,Good,0
2019,August,8,NA,30,Good,0
2019,August,9,NA,40,Good,0
2019,August,10,NA,60,Satisfactory,1
2019,August,11,NA,93,Satisfactory,1
2019,August,12,NA,61,Satisfactory,1
2019,August,13,NA,23,Good,0
2019,August,14,NA,47,Good,0
2019,August,15,NA,50,Good,0
2019,August,16,NA,53,Satisfactory,1
2019,August,17,NA,31,Good,0
2019,August,18,NA,41,Good,0
2019,August,19,NA,31,Good,0
2019,August,20,NA,41,Good,0
2019,August,21,NA,58,Satisfactory,1
2019,August,22,NA,64,Satisfactory,1
2019,August,23,NA,43,Good,0
2019,August,24,NA,38,Good,0
2019,August,25,NA,38,Good,0
2019,August,26,NA,37,Good,0
2019,August,27,NA,37,Good,0
2019,August,28,NA,45,Good,0
2019,August,29,NA,34,Good,0
2019,August,30,NA,37,Good,0
2019,August,31,NA,36,Good,0
2019,September,1,NA,43,Good,0
2019,September,2,NA,41,Good,0
2019,September,3,NA,25,Good,0
2019,September,4,NA,27,Good,0
2019,September,5,NA,26,Good,0
2019,September,6,NA,28,Good,0
2019,September,7,NA,26,Good,0
2019,September,8,NA,27,Good,0
2019,September,9,NA,38,Good,0
2019,September,10,NA,48,Good,0
2019,September,11,NA,38,Good,0
2019,September,12,NA,37,Good,0
2019,September,13,NA,43,Good,0
2019,September,14,NA,58,Satisfactory,1
2019,September,15,NA,70,Satisfactory,1
2019,September,16,NA,49,Good,0
2019,September,17,NA,40,Good,0
2019,September,18,NA,31,Good,0
2019,September,19,NA,24,Good,0
2019,September,20,NA,42,Good,0
2019,September,21,NA,59,Satisfactory,1
2019,September,22,NA,51,Satisfactory,1
2019,September,23,NA,40,Good,0
2019,September,24,NA,22,Good,0
2019,September,25,NA,31,Good,0
2019,September,26,NA,41,Good,0
2019,September,27,NA,34,Good,0
2019,September,28,NA,37,Good,0
2019,September,29,NA,32,Good,0
2019,September,30,NA,31,Good,0
2019,October,1,NA,50,Good,0
2019,October,2,NA,104,Moderate,2
2019,October,3,NA,73,Satisfactory,1
2019,October,4,NA,65,Satisfactory,1
2019,October,5,NA,66,Satisfactory,1
2019,October,6,NA,86,Satisfactory,1
2019,October,7,NA,73,Satisfactory,1
2019,October,8,NA,70,Satisfactory,1
2019,October,9,NA,45,Good,0
2019,October,10,NA,58,Satisfactory,1
2019,October,11,NA,70,Satisfactory,1
2019,October,12,NA,95,Satisfactory,1
2019,October,13,NA,114,Moderate,2
2019,October,14,NA,150,Moderate,2
2019,October,15,NA,134,Moderate,2
2019,October,16,NA,136,Moderate,2
2019,October,17,NA,76,Satisfactory,1
2019,October,18,NA,157,Moderate,2
2019,October,19,NA,140,Moderate,2
2019,October,20,NA,122,Moderate,2
2019,October,21,NA,196,Moderate,2
2019,October,22,NA,167,Moderate,2
2019,October,23,NA,178,Moderate,2
2019,October,24,NA,94,Satisfactory,1
2019,October,25,NA,47,Good,0
2019,October,26,NA,52,Satisfactory,1
2019,October,27,Diwali,125,Moderate,2
2019,October,28,NA,160,Moderate,2
2019,October,29,NA,219,Poor,3
2019,October,30,NA,205,Poor,3
2019,October,31,NA,244,Poor,3
2019,November,1,NA,231,Poor,3
2019,November,2,NA,180,Moderate,2
2019,November,3,NA,141,Moderate,2
2019,November,4,NA,135,Moderate,2
2019,November,5,NA,208,Poor,3
2019,November,6,NA,331,Very Poor,4
2019,November,7,NA,215,Poor,3
2019,November,8,NA,154,Moderate,2
2019,November,9,NA,51,Satisfactory,1
2019,November,10,NA,41,Good,0
2019,November,11,NA,65,Satisfactory,1
2019,November,12,NA,170,Moderate,2
2019,November,13,NA,231,Poor,3
2019,November,14,NA,187,Moderate,2
2019,November,15,NA,184,Moderate,2
2019,November,16,NA,178,Moderate,2
2019,November,17,NA,204,Poor,3
2019,November,18,NA,219,Poor,3
2019,November,19,NA,229,Poor,3
2019,November,20,NA,205,Poor,3
2019,November,21,NA,202,Poor,3
2019,November,22,NA,195,Moderate,2
2019,November,23,NA,241,Poor,3
2019,November,24,NA,290,Poor,3
2019,November,25,NA,259,Poor,3
2019,November,26,NA,267,Poor,3
2019,November,27,NA,253,Poor,3
2019,November,28,NA,181,Moderate,2
2019,November,29,NA,193,Moderate,2
2019,November,30,NA,227,Poor,3
2019,December,1,NA,204,Poor,3
2019,December,2,NA,180,Moderate,2
2019,December,3,NA,207,Poor,3
2019,December,4,NA,234,Poor,3
2019,December,5,NA,194,Moderate,2
2019,December,6,NA,177,Moderate,2
2019,December,7,NA,137,Moderate,2
2019,December,8,NA,182,Moderate,2
2019,December,9,NA,114,Moderate,2
2019,December,10,NA,135,Moderate,2
2019,December,11,NA,156,Moderate,2
2019,December,12,NA,135,Moderate,2
2019,December,13,NA,214,Poor,3
2019,December,14,NA,262,Poor,3
2019,December,15,NA,239,Poor,3
2019,December,16,NA,152,Moderate,2
2019,December,17,NA,128,Moderate,2
2019,December,18,NA,145,Moderate,2
2019,December,19,NA,149,Moderate,2
2019,December,20,NA,172,Moderate,2
2019,December,21,NA,258,Poor,3
2019,December,22,NA,234,Poor,3
2019,December,23,NA,268,Poor,3
2019,December,24,NA,300,Poor,3
2019,December,25,NA,240,Poor,3
2019,December,26,NA,256,Poor,3
2019,December,27,NA,150,Moderate,2
2019,December,28,NA,274,Poor,3
2019,December,29,NA,222,Poor,3
2019,December,30,NA,243,Poor,3
2019,December,31,NA,262,Poor,3
2020,January,1,NA,260,Poor,3
2020,January,2,NA,249,Poor,3
2020,January,3,NA,166,Moderate,2
2020,January,4,NA,78,Satisfactory,1
2020,January,5,NA,178,Moderate,2
2020,January,6,NA,209,Poor,3
2020,January,7,NA,206,Poor,3
2020,January,8,NA,255,Poor,3
2020,January,9,NA,177,Moderate,2
2020,January,10,NA,172,Moderate,2
2020,January,11,NA,152,Moderate,2
2020,January,12,NA,188,Moderate,2
2020,January,13,NA,178,Moderate,2
2020,January,14,NA,270,Poor,3
2020,January,15,NA,326,Very Poor,4
2020,January,16,NA,321,Very Poor,4
2020,January,17,NA,252,Poor,3
2020,January,18,NA,191,Moderate,2
2020,January,19,NA,181,Moderate,2
2020,January,20,NA,132,Moderate,2
2020,January,21,NA,177,Moderate,2
2020,January,22,NA,232,Poor,3
2020,January,23,NA,252,Poor,3
2020,January,24,NA,226,Poor,3
2020,January,25,NA,148,Moderate,2
2020,January,26,NA,222,Poor,3
2020,January,27,NA,214,Poor,3
2020,January,28,NA,275,Poor,3
2020,January,29,NA,145,Moderate,2
2020,January,30,NA,106,Moderate,2
2020,January,31,NA,173,Moderate,2
2020,February,1,NA,148,Moderate,2
2020,February,2,NA,168,Moderate,2
2020,February,3,NA,156,Moderate,2
2020,February,4,NA,176,Moderate,2
2020,February,5,NA,242,Poor,3
2020,February,6,NA,150,Moderate,2
2020,February,7,NA,182,Moderate,2
2020,February,8,NA,180,Moderate,2
2020,February,9,NA,239,Poor,3
2020,February,10,NA,182,Moderate,2
2020,February,11,NA,227,Poor,3
2020,February,12,NA,228,Poor,3
2020,February,13,NA,233,Poor,3
2020,February,14,NA,243,Poor,3
2020,February,15,NA,168,Moderate,2
2020,February,16,NA,220,Poor,3
2020,February,17,NA,220,Poor,3
2020,February,18,NA,194,Moderate,2
2020,February,19,NA,187,Moderate,2
2020,February,20,NA,150,Moderate,2
2020,February,21,NA,184,Moderate,2
2020,February,22,NA,240,Poor,3
2020,February,23,NA,221,Poor,3
2020,February,24,NA,206,Poor,3
2020,February,25,NA,213,Poor,3
2020,February,26,NA,91,Satisfactory,1
2020,February,27,NA,71,Satisfactory,1
2020,February,28,NA,158,Moderate,2
2020,February,29,NA,147,Moderate,2
2020,March,1,NA,202,Poor,3
2020,March,2,NA,217,Poor,3
2020,March,3,NA,190,Moderate,2
2020,March,4,NA,102,Moderate,2
2020,March,5,NA,74,Satisfactory,1
2020,March,6,NA,80,Satisfactory,1
2020,March,7,NA,59,Satisfactory,1
2020,March,8,NA,78,Satisfactory,1
2020,March,9,NA,138,Moderate,2
2020,March,10,NA,167,Moderate,2
2020,March,11,NA,124,Moderate,2
2020,March,12,NA,118,Moderate,2
2020,March,13,NA,108,Moderate,2
2020,March,14,NA,141,Moderate,2
2020,March,15,NA,85,Satisfactory,1
2020,March,16,NA,108,Moderate,2
2020,March,17,NA,147,Moderate,2
2020,March,18,NA,173,Moderate,2
2020,March,19,NA,216,Poor,3
2020,March,20,NA,123,Moderate,2
2020,March,21,NA,128,Moderate,2
2020,March,22,NA,76,Satisfactory,1
2020,March,23,NA,108,Moderate,2
2020,March,24,NA,81,Satisfactory,1
2020,March,25,NA,97,Satisfactory,1
2020,March,26,NA,86,Satisfactory,1
2020,March,27,NA,116,Moderate,2
2020,March,28,NA,102,Moderate,2
2020,March,29,NA,102,Moderate,2
2020,March,30,NA,112,Moderate,2
2020,March,31,NA,112,Moderate,2
2020,April,1,NA,137,Moderate,2
2020,April,2,NA,101,Moderate,2
2020,April,3,NA,109,Moderate,2
2020,April,4,NA,146,Moderate,2
2020,April,5,NA,95,Satisfactory,1
2020,April,6,NA,82,Satisfactory,1
2020,April,7,NA,91,Satisfactory,1
2020,April,8,NA,75,Satisfactory,1
2020,April,9,NA,91,Satisfactory,1
2020,April,10,NA,68,Satisfactory,1
2020,April,11,NA,61,Satisfactory,1
2020,April,12,NA,57,Satisfactory,1
2020,April,13,NA,56,Satisfactory,1
2020,April,14,NA,53,Satisfactory,1
2020,April,15,NA,53,Satisfactory,1
2020,April,16,NA,67,Satisfactory,1
2020,April,17,NA,53,Satisfactory,1
2020,April,18,NA,40,Good,0
2020,April,19,NA,62,Satisfactory,1
2020,April,20,NA,40,Good,0
2020,April,21,NA,49,Good,0
2020,April,22,NA,50,Good,0
2020,April,23,NA,32,Good,0
2020,April,24,NA,34,Good,0
2020,April,25,NA,51,Satisfactory,1
2020,April,26,NA,56,Satisfactory,1
2020,April,27,NA,36,Good,0
2020,April,28,NA,39,Good,0
2020,April,29,NA,49,Good,0
2020,April,30,NA,48,Good,0
2020,May,1,NA,49,Good,0
2020,May,2,NA,44,Good,0
2020,May,3,NA,56,Satisfactory,1
2020,May,4,NA,48,Good,0
2020,May,5,NA,47,Good,0
2020,May,6,NA,52,Satisfactory,1
2020,May,7,NA,51,Satisfactory,1
2020,May,8,NA,53,Satisfactory,1
2020,May,9,NA,65,Satisfactory,1
2020,May,10,NA,56,Satisfactory,1
2020,May,11,NA,68,Satisfactory,1
2020,May,12,NA,100,Satisfactory,1
2020,May,13,NA,57,Satisfactory,1
2020,May,14,NA,47,Good,0
2020,May,15,NA,37,Good,0
2020,May,16,NA,42,Good,0
2020,May,17,NA,44,Good,0
2020,May,18,NA,36,Good,0
2020,May,19,NA,27,Good,0
2020,May,20,NA,29,Good,0
2020,May,21,NA,33,Good,0
2020,May,22,NA,44,Good,0
2020,May,23,NA,58,Satisfactory,1
2020,May,24,NA,50,Good,0
2020,May,25,NA,47,Good,0
2020,May,26,NA,46,Good,0
2020,May,27,NA,40,Good,0
2020,May,28,NA,42,Good,0
2020,May,29,NA,51,Satisfactory,1
2020,May,30,NA,47,Good,0
2020,May,31,NA,50,Good,0
2020,June,1,NA,38,Good,0
2020,June,2,NA,43,Good,0
2020,June,3,NA,49,Good,0
2020,June,4,NA,42,Good,0
2020,June,5,NA,33,Good,0
2020,June,6,NA,49,Good,0
2020,June,7,NA,57,Satisfactory,1
2020,June,8,NA,47,Good,0
2020,June,9,NA,46,Good,0
2020,June,10,NA,37,Good,0
2020,June,11,NA,26,Good,0
2020,June,12,NA,31,Good,0
2020,June,13,NA,33,Good,0
2020,June,14,NA,30,Good,0
2020,June,15,NA,31,Good,0
2020,June,16,NA,37,Good,0
2020,June,17,NA,39,Good,0
2020,June,18,NA,40,Good,0
2020,June,19,NA,44,Good,0
2020,June,20,NA,42,Good,0
2020,June,21,NA,34,Good,0
2020,June,22,NA,39,Good,0
2020,June,23,NA,43,Good,0
2020,June,24,NA,51,Satisfactory,1
2020,June,25,NA,45,Good,0
2020,June,26,NA,36,Good,0
2020,June,27,NA,30,Good,0
2020,June,28,NA,30,Good,0
2020,June,29,NA,37,Good,0
2020,June,30,NA,41,Good,0
2020,July,1,NA,44,Good,0
2020,July,2,NA,41,Good,0
2020,July,3,NA,40,Good,0
2020,July,4,NA,27,Good,0
2020,July,5,NA,30,Good,0
2020,July,6,NA,34,Good,0
2020,July,7,NA,36,Good,0
2020,July,8,NA,54,Satisfactory,1
2020,July,9,NA,51,Satisfactory,1
2020,July,10,NA,40,Good,0
2020,July,11,NA,41,Good,0
2020,July,12,NA,49,Good,0
2020,July,13,NA,40,Good,0
2020,July,14,NA,50,Good,0
2020,July,15,NA,28,Good,0
2020,July,16,NA,29,Good,0
2020,July,17,NA,27,Good,0
2020,July,18,NA,40,Good,0
2020,July,19,NA,36,Good,0
2020,July,20,NA,34,Good,0
2020,July,21,NA,44,Good,0
2020,July,22,NA,40,Good,0
2020,July,23,NA,44,Good,0
2020,July,24,NA,39,Good,0
2020,July,25,NA,47,Good,0
2020,July,26,NA,51,Satisfactory,1
2020,July,27,NA,56,Satisfactory,1
2020,July,28,NA,68,Satisfactory,1
2020,July,29,NA,45,Good,0
2020,July,30,NA,35,Good,0
2020,July,31,NA,33,Good,0
2020,August,1,NA,33,Good,0
2020,August,2,NA,43,Good,0
2020,August,3,NA,79,Satisfactory,1
2020,August,4,NA,66,Satisfactory,1
2020,August,5,NA,39,Good,0
2020,August,6,NA,36,Good,0
2020,August,7,NA,51,Satisfactory,1
2020,August,8,NA,54,Satisfactory,1
2020,August,9,NA,42,Good,0
2020,August,10,NA,33,Good,0
2020,August,11,NA,48,Good,0
2020,August,12,NA,49,Good,0
2020,August,13,NA,33,Good,0
2020,August,14,NA,32,Good,0
2020,August,15,NA,42,Good,0
2020,August,16,NA,46,Good,0
2020,August,17,NA,35,Good,0
2020,August,18,NA,46,Good,0
2020,August,19,NA,33,Good,0
2020,August,20,NA,34,Good,0
2020,August,21,NA,34,Good,0
2020,August,22,NA,49,Good,0
2020,August,23,NA,50,Good,0
2020,August,24,NA,52,Satisfactory,1
2020,August,25,NA,60,Satisfactory,1
2020,August,26,NA,38,Good,0
2020,August,27,NA,31,Good,0
2020,August,28,NA,42,Good,0
2020,August,29,NA,56,Satisfactory,1
2020,August,30,NA,54,Satisfactory,1
2020,August,31,NA,60,Satisfactory,1
2020,September,1,NA,56,Satisfactory,1
2020,September,2,NA,45,Good,0
2020,September,3,NA,37,Good,0
2020,September,4,NA,45,Good,0
2020,September,5,NA,47,Good,0
2020,September,6,NA,44,Good,0
2020,September,7,NA,39,Good,0
2020,September,8,NA,34,Good,0
2020,September,9,NA,57,Satisfactory,1
2020,September,10,NA,47,Good,0
2020,September,11,NA,36,Good,0
2020,September,12,NA,26,Good,0
2020,September,13,NA,36,Good,0
2020,September,14,NA,31,Good,0
2020,September,15,NA,35,Good,0
2020,September,16,NA,39,Good,0
2020,September,17,NA,48,Good,0
2020,September,18,NA,43,Good,0
2020,September,19,NA,53,Satisfactory,1
2020,September,20,NA,56,Satisfactory,1
2020,September,21,NA,33,Good,0
2020,September,22,NA,39,Good,0
2020,September,23,NA,34,Good,0
2020,September,24,NA,41,Good,0
2020,September,25,NA,48,Good,0
2020,September,26,NA,49,Good,0
2020,September,27,NA,72,Satisfactory,1
2020,September,28,NA,92,Satisfactory,1
2020,September,29,NA,69,Satisfactory,1
2020,September,30,NA,47,Good,0
2020,October,1,NA,43,Good,0
2020,October,2,NA,41,Good,0
2020,October,3,NA,38,Good,0
2020,October,4,NA,46,Good,0
2020,October,5,NA,42,Good,0
2020,October,6,NA,40,Good,0
2020,October,7,NA,40,Good,0
2020,October,8,NA,48,Good,0
2020,October,9,NA,72,Satisfactory,1
2020,October,10,NA,100,Satisfactory,1
2020,October,11,NA,73,Satisfactory,1
2020,October,12,NA,74,Satisfactory,1
2020,October,13,NA,84,Satisfactory,1
2020,October,14,NA,43,Good,0
2020,October,15,NA,38,Good,0
2020,October,16,NA,62,Satisfactory,1
2020,October,17,NA,112,Moderate,2
2020,October,18,NA,120,Moderate,2
2020,October,19,NA,61,Satisfactory,1
2020,October,20,NA,125,Moderate,2
2020,October,21,NA,48,Good,0
2020,October,22,NA,31,Good,0
2020,October,23,NA,32,Good,0
2020,October,24,NA,42,Good,0
2020,October,25,NA,66,Satisfactory,1
2020,October,26,NA,152,Moderate,2
2020,October,27,NA,144,Moderate,2
2020,October,28,NA,178,Moderate,2
2020,October,29,NA,145,Moderate,2
2020,October,30,NA,102,Moderate,2
2020,October,31,NA,114,Moderate,2
2020,November,1,NA,53,Satisfactory,1
2020,November,2,NA,40,Good,0
2020,November,3,NA,134,Moderate,2
2020,November,4,NA,248,Poor,3
2020,November,5,NA,243,Poor,3
2020,November,6,NA,238,Poor,3
2020,November,7,NA,221,Poor,3
2020,November,8,NA,248,Poor,3
2020,November,9,NA,158,Moderate,2
2020,November,10,NA,120,Moderate,2
2020,November,11,NA,100,Satisfactory,1
2020,November,12,NA,104,Moderate,2
2020,November,13,NA,115,Moderate,2
2020,November,14,Diwali,148,Moderate,2
2020,November,15,NA,187,Moderate,2
2020,November,16,NA,181,Moderate,2
2020,November,17,NA,222,Poor,3
2020,November,18,NA,266,Poor,3
2020,November,19,NA,149,Moderate,2
2020,November,20,NA,130,Moderate,2
2020,November,21,NA,190,Moderate,2
2020,November,22,NA,233,Poor,3
2020,November,23,NA,173,Moderate,2
2020,November,24,NA,219,Poor,3
2020,November,25,NA,205,Poor,3
2020,November,26,NA,214,Poor,3
2020,November,27,NA,186,Moderate,2
2020,November,28,NA,129,Moderate,2
2020,November,29,NA,228,Poor,3
2020,November,30,NA,210,Poor,3
2020,December,1,NA,265,Poor,3
2020,December,2,NA,289,Poor,3
2020,December,3,NA,304,Very Poor,4
2020,December,4,NA,322,Very Poor,4
2020,December,5,NA,280,Poor,3
2020,December,6,NA,260,Poor,3
2020,December,7,NA,203,Poor,3
2020,December,8,NA,292,Poor,3
2020,December,9,NA,326,Very Poor,4
2020,December,10,NA,310,Very Poor,4
2020,December,11,NA,251,Poor,3
2020,December,12,NA,310,Very Poor,4
2020,December,13,NA,282,Poor,3
2020,December,14,NA,306,Very Poor,4
2020,December,15,NA,244,Poor,3
2020,December,16,NA,229,Poor,3
2020,December,17,NA,258,Poor,3
2020,December,18,NA,222,Poor,3
2020,December,19,NA,203,Poor,3
2020,December,20,NA,282,Poor,3
2020,December,21,NA,321,Very Poor,4
2020,December,22,NA,355,Very Poor,4
2020,December,23,NA,336,Very Poor,4
2020,December,24,NA,271,Poor,3
2020,December,25,NA,275,Poor,3
2020,December,26,NA,285,Poor,3
2020,December,27,NA,285,Poor,3
2020,December,28,NA,301,Very Poor,4
2020,December,29,NA,347,Very Poor,4
2020,December,30,NA,321,Very Poor,4
2020,December,31,NA,274,Poor,3
2021,January,1,NA,267,Poor,3
2021,January,2,NA,297,Poor,3
2021,January,3,NA,332,Very Poor,4
2021,January,4,NA,302,Very Poor,4
2021,January,5,NA,241,Poor,3
2021,January,6,NA,284,Poor,3
2021,January,7,NA,304,Very Poor,4
2021,January,8,NA,261,Poor,3
2021,January,9,NA,173,Moderate,2
2021,January,10,NA,212,Poor,3
2021,January,11,NA,207,Poor,3
2021,January,12,NA,174,Moderate,2
2021,January,13,NA,215,Poor,3
2021,January,14,NA,246,Poor,3
2021,January,15,NA,263,Poor,3
2021,January,16,NA,300,Poor,3
2021,January,17,NA,327,Very Poor,4
2021,January,18,NA,298,Poor,3
2021,January,19,NA,341,Very Poor,4
2021,January,20,NA,211,Poor,3
2021,January,21,NA,295,Poor,3
2021,January,22,NA,249,Poor,3
2021,January,23,NA,274,Poor,3
2021,January,24,NA,268,Poor,3
2021,January,25,NA,290,Poor,3
2021,January,26,NA,286,Poor,3
2021,January,27,NA,284,Poor,3
2021,January,28,NA,242,Poor,3
2021,January,29,NA,268,Poor,3
2021,January,30,NA,285,Poor,3
2021,January,31,NA,302,Very Poor,4
2021,February,1,NA,281,Poor,3
2021,February,2,NA,285,Poor,3
2021,February,3,NA,286,Poor,3
2021,February,4,NA,301,Very Poor,4
2021,February,5,NA,271,Poor,3
2021,February,6,NA,277,Poor,3
2021,February,7,NA,125,Moderate,2
2021,February,8,NA,170,Moderate,2
2021,February,9,NA,228,Poor,3
2021,February,10,NA,258,Poor,3
2021,February,11,NA,239,Poor,3
2021,February,12,NA,203,Poor,3
2021,February,13,NA,220,Poor,3
2021,February,14,NA,203,Poor,3
2021,February,15,NA,138,Moderate,2
2021,February,16,NA,209,Poor,3
2021,February,17,NA,230,Poor,3
2021,February,18,NA,256,Poor,3
2021,February,19,NA,241,Poor,3
2021,February,20,NA,247,Poor,3
2021,February,21,NA,259,Poor,3
2021,February,22,NA,261,Poor,3
2021,February,23,NA,252,Poor,3
2021,February,24,NA,194,Moderate,2
2021,February,25,NA,251,Poor,3
2021,February,26,NA,174,Moderate,2
2021,February,27,NA,160,Moderate,2
2021,February,28,NA,134,Moderate,2
2021,March,1,NA,120,Moderate,2
2021,March,2,NA,148,Moderate,2
2021,March,3,NA,157,Moderate,2
2021,March,4,NA,231,Poor,3
2021,March,5,NA,148,Moderate,2
2021,March,6,NA,150,Moderate,2
2021,March,7,NA,188,Moderate,2
2021,March,8,NA,133,Moderate,2
2021,March,9,NA,84,Satisfactory,1
2021,March,10,NA,65,Satisfactory,1
2021,March,11,NA,68,Satisfactory,1
2021,March,12,NA,79,Satisfactory,1
2021,March,13,NA,149,Moderate,2
2021,March,14,NA,142,Moderate,2
2021,March,15,NA,158,Moderate,2
2021,March,16,NA,126,Moderate,2
2021,March,17,NA,194,Moderate,2
2021,March,18,NA,151,Moderate,2
2021,March,19,NA,223,Poor,3
2021,March,20,NA,244,Poor,3
2021,March,21,NA,201,Poor,3
2021,March,22,NA,227,Poor,3
2021,March,23,NA,222,Poor,3
2021,March,24,NA,181,Moderate,2
2021,March,25,NA,212,Poor,3
2021,March,26,NA,197,Moderate,2
2021,March,27,NA,166,Moderate,2
2021,March,28,NA,175,Moderate,2
2021,March,29,NA,105,Moderate,2
2021,March,30,NA,106,Moderate,2
2021,March,31,NA,196,Moderate,2
2021,April,1,NA,171,Moderate,2
2021,April,2,NA,133,Moderate,2
2021,April,3,NA,113,Moderate,2
2021,April,4,NA,114,Moderate,2
2021,April,5,NA,115,Moderate,2
2021,April,6,NA,104,Moderate,2
2021,April,7,NA,90,Satisfactory,1
2021,April,8,NA,90,Satisfactory,1
2021,April,9,NA,84,Satisfactory,1
2021,April,10,NA,99,Satisfactory,1
2021,April,11,NA,86,Satisfactory,1
2021,April,12,NA,101,Moderate,2
2021,April,13,NA,78,Satisfactory,1
2021,April,14,NA,76,Satisfactory,1
2021,April,15,NA,74,Satisfactory,1
2021,April,16,NA,96,Satisfactory,1
2021,April,17,NA,72,Satisfactory,1
2021,April,18,NA,64,Satisfactory,1
2021,April,19,NA,109,Moderate,2
2021,April,20,NA,73,Satisfactory,1
2021,April,21,NA,70,Satisfactory,1
2021,April,22,NA,76,Satisfactory,1
2021,April,23,NA,136,Moderate,2
2021,April,24,NA,150,Moderate,2
2021,April,25,NA,115,Moderate,2
2021,April,26,NA,102,Moderate,2
2021,April,27,NA,123,Moderate,2
2021,April,28,NA,86,Satisfactory,1
2021,April,29,NA,76,Satisfactory,1
2021,April,30,NA,94,Satisfactory,1
2021,May,1,NA,101,Moderate,2
2021,May,2,NA,77,Satisfactory,1
2021,May,3,NA,110,Moderate,2
2021,May,4,NA,65,Satisfactory,1
2021,May,5,NA,71,Satisfactory,1
2021,May,6,NA,66,Satisfactory,1
2021,May,7,NA,60,Satisfactory,1
2021,May,8,NA,70,Satisfactory,1
2021,May,9,NA,49,Good,0
2021,May,10,NA,53,Satisfactory,1
2021,May,11,NA,42,Good,0
2021,May,12,NA,48,Good,0
2021,May,13,NA,58,Satisfactory,1
2021,May,14,NA,80,Satisfactory,1
2021,May,15,NA,56,Satisfactory,1
2021,May,16,NA,39,Good,0
2021,May,17,NA,37,Good,0
2021,May,18,NA,43,Good,0
2021,May,19,NA,40,Good,0
2021,May,20,NA,38,Good,0
2021,May,21,NA,41,Good,0
2021,May,22,NA,47,Good,0
2021,May,23,NA,57,Satisfactory,1
2021,May,24,NA,69,Satisfactory,1
2021,May,25,NA,41,Good,0
2021,May,26,NA,45,Good,0
2021,May,27,NA,49,Good,0
2021,May,28,NA,48,Good,0
2021,May,29,NA,66,Satisfactory,1
2021,May,30,NA,64,Satisfactory,1
2021,May,31,NA,101,Moderate,2
2021,June,1,NA,52,Satisfactory,1
2021,June,2,NA,50,Good,0
2021,June,3,NA,49,Good,0
2021,June,4,NA,51,Satisfactory,1
2021,June,5,NA,68,Satisfactory,1
2021,June,6,NA,64,Satisfactory,1
2021,June,7,NA,50,Good,0
2021,June,8,NA,45,Good,0
2021,June,9,NA,54,Satisfactory,1
2021,June,10,NA,61,Satisfactory,1
2021,June,11,NA,46,Good,0
2021,June,12,NA,46,Good,0
2021,June,13,NA,36,Good,0
2021,June,14,NA,39,Good,0
2021,June,15,NA,36,Good,0
2021,June,16,NA,45,Good,0
2021,June,17,NA,56,Satisfactory,1
2021,June,18,NA,39,Good,0
2021,June,19,NA,43,Good,0
2021,June,20,NA,57,Satisfactory,1
2021,June,21,NA,51,Satisfactory,1
2021,June,22,NA,60,Satisfactory,1
2021,June,23,NA,51,Satisfactory,1
2021,June,24,NA,53,Satisfactory,1
2021,June,25,NA,65,Satisfactory,1
2021,June,26,NA,55,Satisfactory,1
2021,June,27,NA,51,Satisfactory,1
2021,June,28,NA,48,Good,0
2021,June,29,NA,45,Good,0
2021,June,30,NA,60,Satisfactory,1
2021,July,1,NA,54,Satisfactory,1
2021,July,2,NA,49,Good,0
2021,July,3,NA,50,Good,0
2021,July,4,NA,56,Satisfactory,1
2021,July,5,NA,52,Satisfactory,1
2021,July,6,NA,97,Satisfactory,1
2021,July,7,NA,78,Satisfactory,1
2021,July,8,NA,44,Good,0
2021,July,9,NA,67,Satisfactory,1
2021,July,10,NA,67,Satisfactory,1
2021,July,11,NA,44,Good,0
2021,July,12,NA,33,Good,0
2021,July,13,NA,33,Good,0
2021,July,14,NA,36,Good,0
2021,July,15,NA,38,Good,0
2021,July,16,NA,45,Good,0
2021,July,17,NA,47,Good,0
2021,July,18,NA,42,Good,0
2021,July,19,NA,44,Good,0
2021,July,20,NA,51,Satisfactory,1
2021,July,21,NA,114,Moderate,2
2021,July,22,NA,38,Good,0
2021,July,23,NA,32,Good,0
2021,July,24,NA,34,Good,0
2021,July,25,NA,56,Satisfactory,1
2021,July,26,NA,65,Satisfactory,1
2021,July,27,NA,62,Satisfactory,1
2021,July,28,NA,51,Satisfactory,1
2021,July,29,NA,40,Good,0
2021,July,30,NA,33,Good,0
2021,July,31,NA,46,Good,0
2021,August,1,NA,56,Satisfactory,1
2021,August,2,NA,62,Satisfactory,1
2021,August,3,NA,69,Satisfactory,1
2021,August,4,NA,95,Satisfactory,1
2021,August,5,NA,60,Satisfactory,1
2021,August,6,NA,80,Satisfactory,1
2021,August,7,NA,63,Satisfactory,1
2021,August,8,NA,49,Good,0
2021,August,9,NA,53,Satisfactory,1
2021,August,10,NA,67,Satisfactory,1
2021,August,11,NA,64,Satisfactory,1
2021,August,12,NA,68,Satisfactory,1
2021,August,13,NA,70,Satisfactory,1
2021,August,14,NA,70,Satisfactory,1
2021,August,15,NA,57,Satisfactory,1
2021,August,16,NA,38,Good,0
2021,August,17,NA,35,Good,0
2021,August,18,NA,38,Good,0
2021,August,19,NA,39,Good,0
2021,August,20,NA,36,Good,0
2021,August,21,NA,40,Good,0
2021,August,22,NA,47,Good,0
2021,August,23,NA,52,Satisfactory,1
2021,August,24,NA,68,Satisfactory,1
2021,August,25,NA,75,Satisfactory,1
2021,August,26,NA,70,Satisfactory,1
2021,August,27,NA,62,Satisfactory,1
2021,August,28,NA,45,Good,0
2021,August,29,NA,34,Good,0
2021,August,30,NA,33,Good,0
2021,August,31,NA,35,Good,0
2021,September,1,NA,42,Good,0
2021,September,2,NA,45,Good,0
2021,September,3,NA,50,Good,0
2021,September,4,NA,54,Satisfactory,1
2021,September,5,NA,55,Satisfactory,1
2021,September,6,NA,32,Good,0
2021,September,7,NA,38,Good,0
2021,September,8,NA,36,Good,0
2021,September,9,NA,40,Good,0
2021,September,10,NA,71,Satisfactory,1
2021,September,11,NA,43,Good,0
2021,September,12,NA,41,Good,0
2021,September,13,NA,33,Good,0
2021,September,14,NA,33,Good,0
2021,September,15,NA,36,Good,0
2021,September,16,NA,37,Good,0
2021,September,17,NA,49,Good,0
2021,September,18,NA,52,Satisfactory,1
2021,September,19,NA,73,Satisfactory,1
2021,September,20,NA,59,Satisfactory,1
2021,September,21,NA,36,Good,0
2021,September,22,NA,38,Good,0
2021,September,23,NA,44,Good,0
2021,September,24,NA,61,Satisfactory,1
2021,September,25,NA,121,Moderate,2
2021,September,26,NA,60,Satisfactory,1
2021,September,27,NA,47,Good,0
2021,September,28,NA,48,Good,0
2021,September,29,NA,42,Good,0
2021,September,30,NA,40,Good,0
2021,October,1,NA,45,Good,0
2021,October,2,NA,48,Good,0
2021,October,3,NA,48,Good,0
2021,October,4,NA,64,Satisfactory,1
2021,October,5,NA,53,Satisfactory,1
2021,October,6,NA,68,Satisfactory,1
2021,October,7,NA,66,Satisfactory,1
2021,October,8,NA,98,Satisfactory,1
2021,October,9,NA,141,Moderate,2
2021,October,10,NA,133,Moderate,2
2021,October,11,NA,138,Moderate,2
2021,October,12,NA,172,Moderate,2
2021,October,13,NA,177,Moderate,2
2021,October,14,NA,90,Satisfactory,1
2021,October,15,NA,68,Satisfactory,1
2021,October,16,NA,46,Good,0
2021,October,17,NA,33,Good,0
2021,October,18,NA,29,Good,0
2021,October,19,NA,32,Good,0
2021,October,20,NA,36,Good,0
2021,October,21,NA,94,Satisfactory,1
2021,October,22,NA,122,Moderate,2
2021,October,23,NA,189,Moderate,2
2021,October,24,NA,192,Moderate,2
2021,October,25,NA,168,Moderate,2
2021,October,26,NA,183,Moderate,2
2021,October,27,NA,151,Moderate,2
2021,October,28,NA,104,Moderate,2
2021,October,29,NA,141,Moderate,2
2021,October,30,NA,115,Moderate,2
2021,October,31,NA,140,Moderate,2
2021,November,1,NA,168,Moderate,2
2021,November,2,NA,192,Moderate,2
2021,November,3,NA,154,Moderate,2
2021,November,4,Diwali,194,Moderate,2
2021,November,5,NA,207,Poor,3
2021,November,6,NA,156,Moderate,2
2021,November,7,NA,168,Moderate,2
2021,November,8,NA,146,Moderate,2
2021,November,9,NA,144,Moderate,2
2021,November,10,NA,164,Moderate,2
2021,November,11,NA,144,Moderate,2
2021,November,12,NA,133,Moderate,2
2021,November,13,NA,102,Moderate,2
2021,November,14,NA,80,Satisfactory,1
2021,November,15,NA,65,Satisfactory,1
2021,November,16,NA,99,Satisfactory,1
2021,November,17,NA,153,Moderate,2
2021,November,18,NA,162,Moderate,2
2021,November,19,NA,157,Moderate,2
2021,November,20,NA,188,Moderate,2
2021,November,21,NA,214,Poor,3
2021,November,22,NA,258,Poor,3
2021,November,23,NA,229,Poor,3
2021,November,24,NA,179,Moderate,2
2021,November,25,NA,151,Moderate,2
2021,November,26,NA,194,Moderate,2
2021,November,27,NA,212,Poor,3
2021,November,28,NA,216,Poor,3
2021,November,29,NA,178,Moderate,2
2021,November,30,NA,168,Moderate,2
2021,December,1,NA,180,Moderate,2
2021,December,2,NA,210,Poor,3
2021,December,3,NA,202,Poor,3
2021,December,4,NA,177,Moderate,2
2021,December,5,NA,108,Moderate,2
2021,December,6,NA,32,Good,0
2021,December,7,NA,41,Good,0
2021,December,8,NA,93,Satisfactory,1
2021,December,9,NA,110,Moderate,2
2021,December,10,NA,98,Satisfactory,1
2021,December,11,NA,232,Poor,3
2021,December,12,NA,196,Moderate,2
2021,December,13,NA,237,Poor,3
2021,December,14,NA,255,Poor,3
2021,December,15,NA,268,Poor,3
2021,December,16,NA,284,Poor,3
2021,December,17,NA,219,Poor,3
2021,December,18,NA,258,Poor,3
2021,December,19,NA,223,Poor,3
2021,December,20,NA,155,Moderate,2
2021,December,21,NA,258,Poor,3
2021,December,22,NA,246,Poor,3
2021,December,23,NA,272,Poor,3
2021,December,24,NA,302,Very Poor,4
2021,December,25,NA,250,Poor,3
2021,December,26,NA,253,Poor,3
2021,December,27,NA,212,Poor,3
2021,December,28,NA,234,Poor,3
2021,December,29,NA,240,Poor,3
2021,December,30,NA,260,Poor,3
2021,December,31,NA,160,Moderate,2
2022,January,1,NA,198,Moderate,2
2022,January,2,NA,183,Moderate,2
2022,January,3,NA,211,Poor,3
2022,January,4,NA,243,Poor,3
2022,January,5,NA,290,Poor,3
2022,January,6,NA,268,Poor,3
2022,January,7,NA,280,Poor,3
2022,January,8,NA,228,Poor,3
2022,January,9,NA,225,Poor,3
2022,January,10,NA,209,Poor,3
2022,January,11,NA,242,Poor,3
2022,January,12,NA,88,Satisfactory,1
2022,January,13,NA,132,Moderate,2
2022,January,14,NA,142,Moderate,2
2022,January,15,NA,123,Moderate,2
2022,January,16,NA,161,Moderate,2
2022,January,17,NA,180,Moderate,2
2022,January,18,NA,226,Poor,3
2022,January,19,NA,267,Poor,3
2022,January,20,NA,266,Poor,3
2022,January,21,NA,306,Very Poor,4
2022,January,22,NA,245,Poor,3
2022,January,23,NA,192,Moderate,2
2022,January,24,NA,206,Poor,3
2022,January,25,NA,208,Poor,3
2022,January,26,NA,194,Moderate,2
2022,January,27,NA,185,Moderate,2
2022,January,28,NA,160,Moderate,2
2022,January,29,NA,210,Poor,3
2022,January,30,NA,246,Poor,3
2022,January,31,NA,183,Moderate,2
2022,February,1,NA,105,Moderate,2
2022,February,2,NA,141,Moderate,2
2022,February,3,NA,102,Moderate,2
2022,February,4,NA,70,Satisfactory,1
2022,February,5,NA,64,Satisfactory,1
2022,February,6,NA,132,Moderate,2
2022,February,7,NA,108,Moderate,2
2022,February,8,NA,144,Moderate,2
2022,February,9,NA,186,Moderate,2
2022,February,10,NA,119,Moderate,2
2022,February,11,NA,214,Poor,3
2022,February,12,NA,143,Moderate,2
2022,February,13,NA,132,Moderate,2
2022,February,14,NA,149,Moderate,2
2022,February,15,NA,191,Moderate,2
2022,February,16,NA,201,Poor,3
2022,February,17,NA,220,Poor,3
2022,February,18,NA,232,Poor,3
2022,February,19,NA,219,Poor,3
2022,February,20,NA,164,Moderate,2
2022,February,21,NA,137,Moderate,2
2022,February,22,NA,128,Moderate,2
2022,February,23,NA,165,Moderate,2
2022,February,24,NA,141,Moderate,2
2022,February,25,NA,105,Moderate,2
2022,February,26,NA,243,Poor,3
2022,February,27,NA,212,Poor,3
2022,February,28,NA,104,Moderate,2
2022,March,1,NA,174,Moderate,2
2022,March,2,NA,155,Moderate,2
2022,March,3,NA,198,Moderate,2
2022,March,4,NA,231,Poor,3
2022,March,5,NA,180,Moderate,2
2022,March,6,NA,171,Moderate,2
2022,March,7,NA,149,Moderate,2
2022,March,8,NA,188,Moderate,2
2022,March,9,NA,202,Poor,3
2022,March,10,NA,222,Poor,3
2022,March,11,NA,198,Moderate,2
2022,March,12,NA,193,Moderate,2
2022,March,13,NA,183,Moderate,2
2022,March,14,NA,182,Moderate,2
2022,March,15,NA,198,Moderate,2
2022,March,16,NA,125,Moderate,2
2022,March,17,NA,107,Moderate,2
2022,March,18,NA,96,Satisfactory,1
2022,March,19,NA,96,Satisfactory,1
2022,March,20,NA,88,Satisfactory,1
2022,March,21,NA,79,Satisfactory,1
2022,March,22,NA,78,Satisfactory,1
2022,March,23,NA,82,Satisfactory,1
2022,March,24,NA,95,Satisfactory,1
2022,March,25,NA,89,Satisfactory,1
2022,March,26,NA,69,Satisfactory,1
2022,March,27,NA,85,Satisfactory,1
2022,March,28,NA,108,Moderate,2
2022,March,29,NA,89,Satisfactory,1
2022,March,30,NA,74,Satisfactory,1
2022,March,31,NA,64,Satisfactory,1
2022,April,1,NA,70,Satisfactory,1
2022,April,2,NA,65,Satisfactory,1
2022,April,3,NA,57,Satisfactory,1
2022,April,4,NA,60,Satisfactory,1
2022,April,5,NA,55,Satisfactory,1
2022,April,6,NA,60,Satisfactory,1
2022,April,7,NA,65,Satisfactory,1
2022,April,8,NA,69,Satisfactory,1
2022,April,9,NA,53,Satisfactory,1
2022,April,10,NA,49,Good,0
2022,April,11,NA,53,Satisfactory,1
2022,April,12,NA,70,Satisfactory,1
2022,April,13,NA,52,Satisfactory,1
2022,April,14,NA,54,Satisfactory,1
2022,April,15,NA,93,Satisfactory,1
2022,April,16,NA,71,Satisfactory,1
2022,April,17,NA,68,Satisfactory,1
2022,April,18,NA,63,Satisfactory,1
2022,April,19,NA,63,Satisfactory,1
2022,April,20,NA,58,Satisfactory,1
2022,April,21,NA,57,Satisfactory,1
2022,April,22,NA,81,Satisfactory,1
2022,April,23,NA,102,Moderate,2
2022,April,24,NA,122,Moderate,2
2022,April,25,NA,85,Satisfactory,1
2022,April,26,NA,81,Satisfactory,1
2022,April,27,NA,74,Satisfactory,1
2022,April,28,NA,75,Satisfactory,1
2022,April,29,NA,75,Satisfactory,1
2022,April,30,NA,122,Moderate,2
2022,May,1,NA,71,Satisfactory,1
2022,May,2,NA,60,Satisfactory,1
2022,May,3,NA,61,Satisfactory,1
2022,May,4,NA,59,Satisfactory,1
2022,May,5,NA,68,Satisfactory,1
2022,May,6,NA,103,Moderate,2
2022,May,7,NA,83,Satisfactory,1
2022,May,8,NA,83,Satisfactory,1
2022,May,9,NA,56,Satisfactory,1
2022,May,10,NA,46,Good,0
2022,May,11,NA,53,Satisfactory,1
2022,May,12,NA,68,Satisfactory,1
2022,May,13,NA,77,Satisfactory,1
2022,May,14,NA,62,Satisfactory,1
2022,May,15,NA,52,Satisfactory,1
2022,May,16,NA,57,Satisfactory,1
2022,May,17,NA,55,Satisfactory,1
2022,May,18,NA,51,Satisfactory,1
2022,May,19,NA,47,Good,0
2022,May,20,NA,57,Satisfactory,1
2022,May,21,NA,61,Satisfactory,1
2022,May,22,NA,71,Satisfactory,1
2022,May,23,NA,96,Satisfactory,1
2022,May,24,NA,75,Satisfactory,1
2022,May,25,NA,82,Satisfactory,1
2022,May,26,NA,87,Satisfactory,1
2022,May,27,NA,121,Moderate,2
2022,May,28,NA,130,Moderate,2
2022,May,29,NA,91,Satisfactory,1
2022,May,30,NA,83,Satisfactory,1
2022,May,31,NA,76,Satisfactory,1
2022,June,1,NA,91,Satisfactory,1
2022,June,2,NA,74,Satisfactory,1
2022,June,3,NA,78,Satisfactory,1
2022,June,4,NA,86,Satisfactory,1
2022,June,5,NA,76,Satisfactory,1
2022,June,6,NA,70,Satisfactory,1
2022,June,7,NA,73,Satisfactory,1
2022,June,8,NA,71,Satisfactory,1
2022,June,9,NA,78,Satisfactory,1
2022,June,10,NA,69,Satisfactory,1
2022,June,11,NA,70,Satisfactory,1
2022,June,12,NA,66,Satisfactory,1
2022,June,13,NA,62,Satisfactory,1
2022,June,14,NA,95,Satisfactory,1
2022,June,15,NA,55,Satisfactory,1
2022,June,16,NA,62,Satisfactory,1
2022,June,17,NA,49,Good,0
2022,June,18,NA,44,Good,0
2022,June,19,NA,39,Good,0
2022,June,20,NA,39,Good,0
2022,June,21,NA,58,Satisfactory,1
2022,June,22,NA,51,Satisfactory,1
2022,June,23,NA,43,Good,0
2022,June,24,NA,43,Good,0
2022,June,25,NA,45,Good,0
2022,June,26,NA,33,Good,0
2022,June,27,NA,35,Good,0
2022,June,28,NA,40,Good,0
2022,June,29,NA,43,Good,0
2022,June,30,NA,42,Good,0
2022,July,1,NA,52,Satisfactory,1
2022,July,2,NA,46,Good,0
2022,July,3,NA,43,Good,0
2022,July,4,NA,42,Good,0
2022,July,5,NA,36,Good,0
2022,July,6,NA,32,Good,0
2022,July,7,NA,36,Good,0
2022,July,8,NA,37,Good,0
2022,July,9,NA,35,Good,0
2022,July,10,NA,39,Good,0
2022,July,11,NA,35,Good,0
2022,July,12,NA,33,Good,0
2022,July,13,NA,30,Good,0
2022,July,14,NA,35,Good,0
2022,July,15,NA,35,Good,0
2022,July,16,NA,37,Good,0
2022,July,17,NA,34,Good,0
2022,July,18,NA,36,Good,0
2022,July,19,NA,45,Good,0
2022,July,20,NA,51,Satisfactory,1
2022,July,21,NA,49,Good,0
2022,July,22,NA,42,Good,0
2022,July,23,NA,41,Good,0
2022,July,24,NA,40,Good,0
2022,July,25,NA,37,Good,0
2022,July,26,NA,43,Good,0
2022,July,27,NA,40,Good,0
2022,July,28,NA,40,Good,0
2022,July,29,NA,45,Good,0
2022,July,30,NA,47,Good,0
2022,July,31,NA,49,Good,0
2022,August,1,NA,52,Satisfactory,1
2022,August,2,NA,63,Satisfactory,1
2022,August,3,NA,57,Satisfactory,1
2022,August,4,NA,41,Good,0
2022,August,5,NA,36,Good,0
2022,August,6,NA,37,Good,0
2022,August,7,NA,34,Good,0
2022,August,8,NA,30,Good,0
2022,August,9,NA,32,Good,0
2022,August,10,NA,32,Good,0
2022,August,11,NA,32,Good,0
2022,August,12,NA,44,Good,0
2022,August,13,NA,52,Satisfactory,1
2022,August,14,NA,32,Good,0
2022,August,15,NA,33,Good,0
2022,August,16,NA,52,Satisfactory,1
2022,August,17,NA,69,Satisfactory,1
2022,August,18,NA,89,Satisfactory,1
2022,August,19,NA,46,Good,0
2022,August,20,NA,38,Good,0
2022,August,21,NA,44,Good,0
2022,August,22,NA,54,Satisfactory,1
2022,August,23,NA,63,Satisfactory,1
2022,August,24,NA,42,Good,0
2022,August,25,NA,44,Good,0
2022,August,26,NA,57,Satisfactory,1
2022,August,27,NA,65,Satisfactory,1
2022,August,28,NA,56,Satisfactory,1
2022,August,29,NA,44,Good,0
2022,August,30,NA,43,Good,0
2022,August,31,NA,44,Good,0
2022,September,1,NA,38,Good,0
2022,September,2,NA,37,Good,0
2022,September,3,NA,40,Good,0
2022,September,4,NA,61,Satisfactory,1
2022,September,5,NA,59,Satisfactory,1
2022,September,6,NA,57,Satisfactory,1
2022,September,7,NA,73,Satisfactory,1
2022,September,8,NA,47,Good,0
2022,September,9,NA,59,Satisfactory,1
2022,September,10,NA,44,Good,0
2022,September,11,NA,38,Good,0
2022,September,12,NA,35,Good,0
2022,September,13,NA,37,Good,0
2022,September,14,NA,39,Good,0
2022,September,15,NA,43,Good,0
2022,September,16,NA,53,Satisfactory,1
2022,September,17,NA,56,Satisfactory,1
2022,September,18,NA,48,Good,0
2022,September,19,NA,46,Good,0
2022,September,20,NA,33,Good,0
2022,September,21,NA,37,Good,0
2022,September,22,NA,42,Good,0
2022,September,23,NA,48,Good,0
2022,September,24,NA,50,Good,0
2022,September,25,NA,43,Good,0
2022,September,26,NA,42,Good,0
2022,September,27,NA,50,Good,0
2022,September,28,NA,73,Satisfactory,1
2022,September,29,NA,87,Satisfactory,1
2022,September,30,NA,79,Satisfactory,1
2022,October,1,NA,98,Satisfactory,1
2022,October,2,NA,55,Satisfactory,1
2022,October,3,NA,45,Good,0
2022,October,4,NA,36,Good,0
2022,October,5,NA,40,Good,0
2022,October,6,NA,35,Good,0
2022,October,7,NA,39,Good,0
2022,October,8,NA,55,Satisfactory,1
2022,October,9,NA,43,Good,0
2022,October,10,NA,42,Good,0
2022,October,11,NA,31,Good,0
2022,October,12,NA,34,Good,0
2022,October,13,NA,47,Good,0
2022,October,14,NA,58,Satisfactory,1
2022,October,15,NA,76,Satisfactory,1
2022,October,16,NA,78,Satisfactory,1
2022,October,17,NA,87,Satisfactory,1
2022,October,18,NA,101,Moderate,2
2022,October,19,NA,83,Satisfactory,1
2022,October,20,NA,107,Moderate,2
2022,October,21,NA,112,Moderate,2
2022,October,22,NA,99,Satisfactory,1
2022,October,23,NA,101,Moderate,2
2022,October,24,NA,55,Satisfactory,1
2022,October,25,Diwali,47,Good,0
2022,October,26,NA,81,Satisfactory,1
2022,October,27,NA,107,Moderate,2
2022,October,28,NA,167,Moderate,2
2022,October,29,NA,157,Moderate,2
2022,October,30,NA,126,Moderate,2
2022,October,31,NA,102,Moderate,2
2022,November,1,NA,115,Moderate,2
2022,November,2,NA,105,Moderate,2
2022,November,3,NA,104,Moderate,2
2022,November,4,NA,176,Moderate,2
2022,November,5,NA,196,Moderate,2
2022,November,6,NA,152,Moderate,2
2022,November,7,NA,140,Moderate,2
2022,November,8,NA,152,Moderate,2
2022,November,9,NA,158,Moderate,2
2022,November,10,NA,167,Moderate,2
2022,November,11,NA,137,Moderate,2
2022,November,12,NA,214,Poor,3
2022,November,13,NA,233,Poor,3
2022,November,14,NA,205,Poor,3
2022,November,15,NA,223,Poor,3
2022,November,16,NA,237,Poor,3
2022,November,17,NA,271,Poor,3
2022,November,18,NA,229,Poor,3
2022,November,19,NA,131,Moderate,2
2022,November,20,NA,186,Moderate,2
2022,November,21,NA,150,Moderate,2
2022,November,22,NA,165,Moderate,2
2022,November,23,NA,250,Poor,3
2022,November,24,NA,238,Poor,3
2022,November,25,NA,238,Poor,3
2022,November,26,NA,252,Poor,3
2022,November,27,NA,241,Poor,3
2022,November,28,NA,234,Poor,3
2022,November,29,NA,179,Moderate,2
2022,November,30,NA,182,Moderate,2
2022,December,1,NA,189,Moderate,2
2022,December,2,NA,230,Poor,3
2022,December,3,NA,262,Poor,3
2022,December,4,NA,278,Poor,3
2022,December,5,NA,264,Poor,3
2022,December,6,NA,232,Poor,3
2022,December,7,NA,270,Poor,3
2022,December,8,NA,295,Poor,3
2022,December,9,NA,282,Poor,3
2022,December,10,NA,280,Poor,3
2022,December,11,NA,282,Poor,3
2022,December,12,NA,307,Very Poor,4
2022,December,13,NA,314,Very Poor,4
2022,December,14,NA,305,Very Poor,4
2022,December,15,NA,271,Poor,3
2022,December,16,NA,201,Poor,3
2022,December,17,NA,251,Poor,3
2022,December,18,NA,303,Very Poor,4
2022,December,19,NA,283,Poor,3
2022,December,20,NA,283,Poor,3
2022,December,21,NA,295,Poor,3
2022,December,22,NA,300,Poor,3
2022,December,23,NA,274,Poor,3
2022,December,24,NA,278,Poor,3
2022,December,25,NA,194,Moderate,2
2022,December,26,NA,85,Satisfactory,1
2022,December,27,NA,97,Satisfactory,1
2022,December,28,NA,215,Poor,3
2022,December,29,NA,217,Poor,3
2022,December,30,NA,252,Poor,3
2022,December,31,NA,284,Poor,3
2023,January,1,NA,261,Poor,3
2023,January,2,NA,221,Poor,3
2023,January,3,NA,236,Poor,3
2023,January,4,NA,213,Poor,3
2023,January,5,NA,233,Poor,3
2023,January,6,NA,247,Poor,3
2023,January,7,NA,269,Poor,3
2023,January,8,NA,311,Very Poor,4
2023,January,9,NA,292,Poor,3
2023,January,10,NA,242,Poor,3
2023,January,11,NA,270,Poor,3
2023,January,12,NA,272,Poor,3
2023,January,13,NA,238,Poor,3
2023,January,14,NA,100,Satisfactory,1
2023,January,15,NA,181,Moderate,2
2023,January,16,NA,162,Moderate,2
2023,January,17,NA,182,Moderate,2
2023,January,18,NA,204,Poor,3
2023,January,19,NA,213,Poor,3
2023,January,20,NA,257,Poor,3
2023,January,21,NA,302,Very Poor,4
2023,January,22,NA,297,Poor,3
2023,January,23,NA,242,Poor,3
2023,January,24,NA,244,Poor,3
2023,January,25,NA,220,Poor,3
2023,January,26,NA,208,Poor,3
2023,January,27,NA,189,Moderate,2
2023,January,28,NA,147,Moderate,2
2023,January,29,NA,140,Moderate,2
2023,January,30,NA,156,Moderate,2
2023,January,31,NA,226,Poor,3
2023,February,1,NA,168,Moderate,2
2023,February,2,NA,110,Moderate,2
2023,February,3,NA,130,Moderate,2
2023,February,4,NA,187,Moderate,2
2023,February,5,NA,172,Moderate,2
2023,February,6,NA,177,Moderate,2
2023,February,7,NA,101,Moderate,2
2023,February,8,NA,85,Satisfactory,1
2023,February,9,NA,121,Moderate,2
2023,February,10,NA,187,Moderate,2
2023,February,11,NA,134,Moderate,2
2023,February,12,NA,109,Moderate,2
2023,February,13,NA,119,Moderate,2
2023,February,14,NA,139,Moderate,2
2023,February,15,NA,201,Poor,3
2023,February,16,NA,200,Moderate,2
2023,February,17,NA,153,Moderate,2
2023,February,18,NA,101,Moderate,2
2023,February,19,NA,90,Satisfactory,1
2023,February,20,NA,83,Satisfactory,1
2023,February,21,NA,77,Satisfactory,1
2023,February,22,NA,110,Moderate,2
2023,February,23,NA,78,Satisfactory,1
2023,February,24,NA,87,Satisfactory,1
2023,February,25,NA,111,Moderate,2
2023,February,26,NA,155,Moderate,2
2023,February,27,NA,105,Moderate,2
2023,February,28,NA,119,Moderate,2
2023,March,1,NA,113,Moderate,2
2023,March,2,NA,90,Satisfactory,1
2023,March,3,NA,129,Moderate,2
2023,March,4,NA,140,Moderate,2
2023,March,5,NA,154,Moderate,2
2023,March,6,NA,128,Moderate,2
2023,March,7,NA,112,Moderate,2
2023,March,8,NA,110,Moderate,2
2023,March,9,NA,105,Moderate,2
2023,March,10,NA,133,Moderate,2
2023,March,11,NA,128,Moderate,2
2023,March,12,NA,143,Moderate,2
2023,March,13,NA,139,Moderate,2
2023,March,14,NA,119,Moderate,2
2023,March,15,NA,111,Moderate,2
2023,March,16,NA,85,Satisfactory,1
2023,March,17,NA,74,Satisfactory,1
2023,March,18,NA,129,Moderate,2
2023,March,19,NA,71,Satisfactory,1
2023,March,20,NA,37,Good,0
2023,March,21,NA,45,Good,0
2023,March,22,NA,97,Satisfactory,1
2023,March,23,NA,72,Satisfactory,1
2023,March,24,NA,72,Satisfactory,1
2023,March,25,NA,57,Satisfactory,1
2023,March,26,NA,53,Satisfactory,1
2023,March,27,NA,66,Satisfactory,1
2023,March,28,NA,118,Moderate,2
2023,March,29,NA,55,Satisfactory,1
2023,March,30,NA,50,Good,0
2023,March,31,NA,54,Satisfactory,1
2023,April,1,NA,52,Satisfactory,1
2023,April,2,NA,54,Satisfactory,1
2023,April,3,NA,102,Moderate,2
2023,April,4,NA,59,Satisfactory,1
2023,April,5,NA,74,Satisfactory,1
2023,April,6,NA,111,Moderate,2
2023,April,7,NA,107,Moderate,2
2023,April,8,NA,134,Moderate,2
2023,April,9,NA,131,Moderate,2
2023,April,10,NA,134,Moderate,2
2023,April,11,NA,159,Moderate,2
2023,April,12,NA,126,Moderate,2
2023,April,13,NA,131,Moderate,2
2023,April,14,NA,122,Moderate,2
2023,April,15,NA,127,Moderate,2
2023,April,16,NA,106,Moderate,2
2023,April,17,NA,109,Moderate,2
2023,April,18,NA,102,Moderate,2
2023,April,19,NA,83,Satisfactory,1
2023,April,20,NA,90,Satisfactory,1
2023,April,21,NA,89,Satisfactory,1
2023,April,22,NA,105,Moderate,2
2023,April,23,NA,78,Satisfactory,1
2023,April,24,NA,57,Satisfactory,1
2023,April,25,NA,75,Satisfactory,1
2023,April,26,NA,89,Satisfactory,1
2023,April,27,NA,60,Satisfactory,1
2023,April,28,NA,61,Satisfactory,1
2023,April,29,NA,68,Satisfactory,1
2023,April,30,NA,62,Satisfactory,1
2023,May,1,NA,59,Satisfactory,1
2023,May,2,NA,68,Satisfactory,1
2023,May,3,NA,51,Satisfactory,1
2023,May,4,NA,52,Satisfactory,1
2023,May,5,NA,54,Satisfactory,1
2023,May,6,NA,86,Satisfactory,1
2023,May,7,NA,96,Satisfactory,1
2023,May,8,NA,78,Satisfactory,1
2023,May,9,NA,90,Satisfactory,1
2023,May,10,NA,77,Satisfactory,1
2023,May,11,NA,56,Satisfactory,1
2023,May,12,NA,58,Satisfactory,1
2023,May,13,NA,50,Good,0
2023,May,14,NA,65,Satisfactory,1
2023,May,15,NA,69,Satisfactory,1
2023,May,16,NA,67,Satisfactory,1
2023,May,17,NA,64,Satisfactory,1
2023,May,18,NA,53,Satisfactory,1
2023,May,19,NA,52,Satisfactory,1
2023,May,20,NA,55,Satisfactory,1
2023,May,21,NA,60,Satisfactory,1
2023,May,22,NA,54,Satisfactory,1
2023,May,23,NA,94,Satisfactory,1
2023,May,24,NA,52,Satisfactory,1
2023,May,25,NA,61,Satisfactory,1
2023,May,26,NA,50,Good,0
2023,May,27,NA,50,Good,0
2023,May,28,NA,67,Satisfactory,1
2023,May,29,NA,70,Satisfactory,1
2023,May,30,NA,86,Satisfactory,1
2023,May,31,NA,83,Satisfactory,1
2023,June,1,NA,77,Satisfactory,1
2023,June,2,NA,87,Satisfactory,1
2023,June,3,NA,79,Satisfactory,1
2023,June,4,NA,77,Satisfactory,1
2023,June,5,NA,72,Satisfactory,1
2023,June,6,NA,86,Satisfactory,1
2023,June,7,NA,78,Satisfactory,1
2023,June,8,NA,76,Satisfactory,1
2023,June,9,NA,61,Satisfactory,1
2023,June,10,NA,58,Satisfactory,1
2023,June,11,NA,73,Satisfactory,1
2023,June,12,NA,61,Satisfactory,1
2023,June,13,NA,67,Satisfactory,1
2023,June,14,NA,69,Satisfactory,1
2023,June,15,NA,65,Satisfactory,1
2023,June,16,NA,67,Satisfactory,1
2023,June,17,NA,62,Satisfactory,1
2023,June,18,NA,57,Satisfactory,1
2023,June,19,NA,45,Good,0
2023,June,20,NA,50,Good,0
2023,June,21,NA,43,Good,0
2023,June,22,NA,42,Good,0
2023,June,23,NA,36,Good,0
2023,June,24,NA,36,Good,0
2023,June,25,NA,38,Good,0
2023,June,26,NA,38,Good,0
2023,June,27,NA,32,Good,0
2023,June,28,NA,27,Good,0
2023,June,29,NA,32,Good,0
2023,June,30,NA,51,Satisfactory,1
2023,July,1,NA,43,Good,0
2023,July,2,NA,48,Good,0
2023,July,3,NA,47,Good,0
2023,July,4,NA,50,Good,0
2023,July,5,NA,30,Good,0
2023,July,6,NA,29,Good,0
2023,July,7,NA,51,Satisfactory,1
2023,July,8,NA,40,Good,0
2023,July,9,NA,40,Good,0
2023,July,10,NA,46,Good,0
2023,July,11,NA,41,Good,0
2023,July,12,NA,32,Good,0
2023,July,13,NA,35,Good,0
2023,July,14,NA,38,Good,0
2023,July,15,NA,44,Good,0
2023,July,16,NA,31,Good,0
2023,July,17,NA,34,Good,0
2023,July,18,NA,30,Good,0
2023,July,19,NA,30,Good,0
2023,July,20,NA,32,Good,0
2023,July,21,NA,33,Good,0
2023,July,22,NA,32,Good,0
2023,July,23,NA,33,Good,0
2023,July,24,NA,32,Good,0
2023,July,25,NA,33,Good,0
2023,July,26,NA,32,Good,0
2023,July,27,NA,32,Good,0
2023,July,28,NA,34,Good,0
2023,July,29,NA,32,Good,0
2023,July,30,NA,40,Good,0
2023,July,31,NA,46,Good,0
2023,August,1,NA,42,Good,0
2023,August,2,NA,37,Good,0
2023,August,3,NA,38,Good,0
2023,August,4,NA,49,Good,0
2023,August,5,NA,48,Good,0
2023,August,6,NA,49,Good,0
2023,August,7,NA,48,Good,0
2023,August,8,NA,46,Good,0
2023,August,9,NA,70,Satisfactory,1
2023,August,10,NA,94,Satisfactory,1
2023,August,11,NA,91,Satisfactory,1
2023,August,12,NA,62,Satisfactory,1
2023,August,13,NA,54,Satisfactory,1
2023,August,14,NA,64,Satisfactory,1
2023,August,15,NA,77,Satisfactory,1
2023,August,16,NA,71,Satisfactory,1
2023,August,17,NA,58,Satisfactory,1
2023,August,18,NA,43,Good,0
2023,August,19,NA,34,Good,0
2023,August,20,NA,50,Good,0
2023,August,21,NA,62,Satisfactory,1
2023,August,22,NA,49,Good,0
2023,August,23,NA,52,Satisfactory,1
2023,August,24,NA,38,Good,0
2023,August,25,NA,42,Good,0
2023,August,26,NA,50,Good,0
2023,August,27,NA,78,Satisfactory,1
2023,August,28,NA,126,Moderate,2
2023,August,29,NA,180,Moderate,2
2023,August,30,NA,139,Moderate,2
2023,August,31,NA,135,Moderate,2
2023,September,1,NA,104,Moderate,2
2023,September,2,NA,106,Moderate,2
2023,September,3,NA,65,Satisfactory,1
2023,September,4,NA,42,Good,0
2023,September,5,NA,33,Good,0
2023,September,6,NA,30,Good,0
2023,September,7,NA,30,Good,0
2023,September,8,NA,29,Good,0
2023,September,9,NA,34,Good,0
2023,September,10,NA,41,Good,0
2023,September,11,NA,39,Good,0
2023,September,12,NA,59,Satisfactory,1
2023,September,13,NA,40,Good,0
2023,September,14,NA,31,Good,0
2023,September,15,NA,31,Good,0
2023,September,16,NA,36,Good,0
2023,September,17,NA,40,Good,0
2023,September,18,NA,42,Good,0
2023,September,19,NA,29,Good,0
2023,September,20,NA,28,Good,0
2023,September,21,NA,30,Good,0
2023,September,22,NA,38,Good,0
2023,September,23,NA,34,Good,0
2023,September,24,NA,35,Good,0
2023,September,25,NA,39,Good,0
2023,September,26,NA,39,Good,0
2023,September,27,NA,43,Good,0
2023,September,28,NA,61,Satisfactory,1
2023,September,29,NA,99,Satisfactory,1
2023,September,30,NA,52,Satisfactory,1
2023,October,1,NA,31,Good,0
2023,October,2,NA,39,Good,0
2023,October,3,NA,31,Good,0
2023,October,4,NA,32,Good,0
2023,October,5,NA,43,Good,0
2023,October,6,NA,63,Satisfactory,1
2023,October,7,NA,76,Satisfactory,1
2023,October,8,NA,89,Satisfactory,1
2023,October,9,NA,80,Satisfactory,1
2023,October,10,NA,138,Moderate,2
2023,October,11,NA,139,Moderate,2
2023,October,12,NA,166,Moderate,2
2023,October,13,NA,130,Moderate,2
2023,October,14,NA,121,Moderate,2
2023,October,15,NA,125,Moderate,2
2023,October,16,NA,135,Moderate,2
2023,October,17,NA,175,Moderate,2
2023,October,18,NA,166,Moderate,2
2023,October,19,NA,106,Moderate,2
2023,October,20,NA,89,Satisfactory,1
2023,October,21,NA,96,Satisfactory,1
2023,October,22,NA,85,Satisfactory,1
2023,October,23,NA,107,Moderate,2
2023,October,24,NA,70,Satisfactory,1
2023,October,25,NA,55,Satisfactory,1
2023,October,26,NA,87,Satisfactory,1
2023,October,27,NA,100,Satisfactory,1
2023,October,28,NA,140,Moderate,2
2023,October,29,NA,180,Moderate,2
2023,October,30,NA,123,Moderate,2
2023,October,31,NA,142,Moderate,2
2023,November,1,NA,110,Moderate,2
2023,November,2,NA,109,Moderate,2
2023,November,3,NA,184,Moderate,2
2023,November,4,NA,102,Moderate,2
2023,November,5,NA,133,Moderate,2
2023,November,6,NA,127,Moderate,2
2023,November,7,NA,203,Poor,3
2023,November,8,NA,211,Poor,3
2023,November,9,NA,261,Poor,3
2023,November,10,NA,282,Poor,3
2023,November,11,NA,269,Poor,3
2023,November,12,Diwali,248,Poor,3
2023,November,13,NA,218,Poor,3
2023,November,14,NA,135,Moderate,2
2023,November,15,NA,102,Moderate,2
2023,November,16,NA,87,Satisfactory,1
2023,November,17,NA,50,Good,0
2023,November,18,NA,44,Good,0
2023,November,19,NA,76,Satisfactory,1
2023,November,20,NA,96,Satisfactory,1
2023,November,21,NA,127,Moderate,2
2023,November,22,NA,194,Moderate,2
2023,November,23,NA,264,Poor,3
2023,November,24,NA,268,Poor,3
2023,November,25,NA,211,Poor,3
2023,November,26,NA,159,Moderate,2
2023,November,27,NA,168,Moderate,2
2023,November,28,NA,129,Moderate,2
2023,November,29,NA,150,Moderate,2
2023,November,30,NA,224,Poor,3
2023,December,1,NA,116,Moderate,2
2023,December,2,NA,103,Moderate,2
2023,December,3,NA,188,Moderate,2
2023,December,4,NA,159,Moderate,2
2023,December,5,NA,147,Moderate,2
2023,December,6,NA,74,Satisfactory,1
2023,December,7,NA,68,Satisfactory,1
2023,December,8,NA,37,Good,0
2023,December,9,NA,94,Satisfactory,1
2023,December,10,NA,177,Moderate,2
2023,December,11,NA,162,Moderate,2
2023,December,12,NA,199,Moderate,2
2023,December,13,NA,190,Moderate,2
2023,December,14,NA,210,Poor,3
2023,December,15,NA,241,Poor,3
2023,December,16,NA,242,Poor,3
2023,December,17,NA,248,Poor,3
2023,December,18,NA,245,Poor,3
2023,December,19,NA,209,Poor,3
2023,December,20,NA,236,Poor,3
2023,December,21,NA,155,Moderate,2
2023,December,22,NA,199,Moderate,2
2023,December,23,NA,216,Poor,3
2023,December,24,NA,172,Moderate,2
2023,December,25,NA,206,Poor,3
2023,December,26,NA,205,Poor,3
2023,December,27,NA,205,Poor,3
2023,December,28,NA,198,Moderate,2
2023,December,29,NA,198,Moderate,2
2023,December,30,NA,191,Moderate,2
2023,December,31,NA,170,Moderate,2
2024,January,1,NA,180,Moderate,2
2024,January,2,NA,204,Poor,3
2024,January,3,NA,166,Moderate,2
2024,January,4,NA,161,Moderate,2
2024,January,5,NA,241,Poor,3
2024,January,6,NA,213,Poor,3
2024,January,7,NA,234,Poor,3
2024,January,8,NA,259,Poor,3
2024,January,9,NA,250,Poor,3
2024,January,10,NA,244,Poor,3
2024,January,11,NA,239,Poor,3
2024,January,12,NA,204,Poor,3
2024,January,13,NA,252,Poor,3
2024,January,14,NA,272,Poor,3
2024,January,15,NA,278,Poor,3
2024,January,16,NA,264,Poor,3
2024,January,17,NA,227,Poor,3
2024,January,18,NA,202,Poor,3
2024,January,19,NA,175,Moderate,2
2024,January,20,NA,230,Poor,3
2024,January,21,NA,289,Poor,3
2024,January,22,NA,281,Poor,3
2024,January,23,NA,259,Poor,3
2024,January,24,NA,256,Poor,3
2024,January,25,NA,216,Poor,3
2024,January,26,NA,262,Poor,3
2024,January,27,NA,213,Poor,3
2024,January,28,NA,206,Poor,3
2024,January,29,NA,209,Poor,3
2024,January,30,NA,187,Moderate,2
2024,January,31,NA,100,Satisfactory,1
2024,February,1,NA,102,Moderate,2
2024,February,2,NA,128,Moderate,2
2024,February,3,NA,140,Moderate,2
2024,February,4,NA,176,Moderate,2
2024,February,5,NA,156,Moderate,2
2024,February,6,NA,131,Moderate,2
2024,February,7,NA,148,Moderate,2
2024,February,8,NA,111,Moderate,2
2024,February,9,NA,107,Moderate,2
2024,February,10,NA,136,Moderate,2
2024,February,11,NA,211,Poor,3
2024,February,12,NA,228,Poor,3
2024,February,13,NA,221,Poor,3
2024,February,14,NA,222,Poor,3
2024,February,15,NA,187,Moderate,2
2024,February,16,NA,147,Moderate,2
2024,February,17,NA,225,Poor,3
2024,February,18,NA,165,Moderate,2
2024,February,19,NA,97,Satisfactory,1
2024,February,20,NA,91,Satisfactory,1
2024,February,21,NA,84,Satisfactory,1
2024,February,22,NA,119,Moderate,2
2024,February,23,NA,106,Moderate,2
2024,February,24,NA,99,Satisfactory,1
2024,February,25,NA,100,Satisfactory,1
2024,February,26,NA,86,Satisfactory,1
2024,February,27,NA,127,Moderate,2
2024,February,28,NA,127,Moderate,2
2024,February,29,NA,155,Moderate,2
2024,March,1,NA,134,Moderate,2
2024,March,2,NA,140,Moderate,2
2024,March,3,NA,119,Moderate,2
2024,March,4,NA,123,Moderate,2
2024,March,5,NA,96,Satisfactory,1
2024,March,6,NA,106,Moderate,2
2024,March,7,NA,114,Moderate,2
2024,March,8,NA,129,Moderate,2
2024,March,9,NA,134,Moderate,2
2024,March,10,NA,134,Moderate,2
2024,March,11,NA,117,Moderate,2
2024,March,12,NA,98,Satisfactory,1
2024,March,13,NA,88,Satisfactory,1
2024,March,14,NA,66,Satisfactory,1
2024,March,15,NA,85,Satisfactory,1
2024,March,16,NA,70,Satisfactory,1
2024,March,17,NA,66,Satisfactory,1
2024,March,18,NA,87,Satisfactory,1
2024,March,19,NA,96,Satisfactory,1
2024,March,20,NA,59,Satisfactory,1
2024,March,21,NA,56,Satisfactory,1
2024,March,22,NA,81,Satisfactory,1
2024,March,23,NA,99,Satisfactory,1
2024,March,24,NA,71,Satisfactory,1
2024,March,25,NA,66,Satisfactory,1
2024,March,26,NA,59,Satisfactory,1
2024,March,27,NA,60,Satisfactory,1
2024,March,28,NA,71,Satisfactory,1
2024,March,29,NA,82,Satisfactory,1
2024,March,30,NA,68,Satisfactory,1
2024,March,31,NA,76,Satisfactory,1
2024,April,1,NA,106,Moderate,2
2024,April,2,NA,105,Moderate,2
2024,April,3,NA,111,Moderate,2
2024,April,4,NA,79,Satisfactory,1
2024,April,5,NA,68,Satisfactory,1
2024,April,6,NA,95,Satisfactory,1
2024,April,7,NA,72,Satisfactory,1
2024,April,8,NA,73,Satisfactory,1
2024,April,9,NA,80,Satisfactory,1
2024,April,10,NA,120,Moderate,2
2024,April,11,NA,148,Moderate,2
2024,April,12,NA,96,Satisfactory,1
2024,April,13,NA,106,Moderate,2
2024,April,14,NA,100,Satisfactory,1
2024,April,15,NA,96,Satisfactory,1
2024,April,16,NA,76,Satisfactory,1
2024,April,17,NA,95,Satisfactory,1
2024,April,18,NA,98,Satisfactory,1
2024,April,19,NA,108,Moderate,2
2024,April,20,NA,92,Satisfactory,1
2024,April,21,NA,96,Satisfactory,1
2024,April,22,NA,97,Satisfactory,1
2024,April,23,NA,96,Satisfactory,1
2024,April,24,NA,93,Satisfactory,1
2024,April,25,NA,119,Moderate,2
2024,April,26,NA,82,Satisfactory,1
2024,April,27,NA,111,Moderate,2
2024,April,28,NA,90,Satisfactory,1
2024,April,29,NA,128,Moderate,2
2024,April,30,NA,110,Moderate,2
2024,May,1,NA,150,Moderate,2
2024,May,2,NA,90,Satisfactory,1
2024,May,3,NA,91,Satisfactory,1
2024,May,4,NA,84,Satisfactory,1
2024,May,5,NA,64,Satisfactory,1
2024,May,6,NA,70,Satisfactory,1
2024,May,7,NA,56,Satisfactory,1
2024,May,8,NA,48,Good,0
2024,May,9,NA,41,Good,0
2024,May,10,NA,50,Good,0
2024,May,11,NA,43,Good,0
2024,May,12,NA,53,Satisfactory,1
2024,May,13,NA,55,Satisfactory,1
2024,May,14,NA,58,Satisfactory,1
2024,May,15,NA,60,Satisfactory,1
2024,May,16,NA,50,Good,0
2024,May,17,NA,49,Good,0
2024,May,18,NA,57,Satisfactory,1
2024,May,19,NA,58,Satisfactory,1
2024,May,20,NA,41,Good,0
2024,May,21,NA,42,Good,0
2024,May,22,NA,35,Good,0
2024,May,23,NA,46,Good,0
2024,May,24,NA,56,Satisfactory,1
2024,May,25,NA,53,Satisfactory,1
2024,May,26,NA,42,Good,0
2024,May,27,NA,26,Good,0
2024,May,28,NA,54,Satisfactory,1
2024,May,29,NA,75,Satisfactory,1
2024,May,30,NA,72,Satisfactory,1
2024,May,31,NA,53,Satisfactory,1
2024,June,1,NA,56,Satisfactory,1
2024,June,2,NA,53,Satisfactory,1
2024,June,3,NA,63,Satisfactory,1
2024,June,4,NA,60,Satisfactory,1
2024,June,5,NA,68,Satisfactory,1
2024,June,6,NA,76,Satisfactory,1
2024,June,7,NA,71,Satisfactory,1
2024,June,8,NA,61,Satisfactory,1
2024,June,9,NA,63,Satisfactory,1
2024,June,10,NA,63,Satisfactory,1
2024,June,11,NA,51,Satisfactory,1
2024,June,12,NA,50,Good,0
2024,June,13,NA,55,Satisfactory,1
2024,June,14,NA,61,Satisfactory,1
2024,June,15,NA,72,Satisfactory,1
2024,June,16,NA,61,Satisfactory,1
2024,June,17,NA,59,Satisfactory,1
2024,June,18,NA,65,Satisfactory,1
2024,June,19,NA,63,Satisfactory,1
2024,June,20,NA,47,Good,0
2024,June,21,NA,42,Good,0
2024,June,22,NA,40,Good,0
2024,June,23,NA,35,Good,0
2024,June,24,NA,38,Good,0
2024,June,25,NA,46,Good,0
2024,June,26,NA,41,Good,0
2024,June,27,NA,32,Good,0
2024,June,28,NA,32,Good,0
2024,June,29,NA,35,Good,0
2024,June,30,NA,42,Good,0
2024,July,1,NA,52,Satisfactory,1
2024,July,2,NA,45,Good,0
2024,July,3,NA,41,Good,0
2024,July,4,NA,44,Good,0
2024,July,5,NA,50,Good,0
2024,July,6,NA,50,Good,0
2024,July,7,NA,39,Good,0
2024,July,8,NA,41,Good,0
2024,July,9,NA,40,Good,0
2024,July,10,NA,43,Good,0
2024,July,11,NA,49,Good,0
2024,July,12,NA,51,Satisfactory,1
2024,July,13,NA,46,Good,0
2024,July,14,NA,50,Good,0
2024,July,15,NA,34,Good,0
2024,July,16,NA,33,Good,0
2024,July,17,NA,37,Good,0
2024,July,18,NA,35,Good,0
2024,July,19,NA,34,Good,0
2024,July,20,NA,33,Good,0
2024,July,21,NA,35,Good,0
2024,July,22,NA,35,Good,0
2024,July,23,NA,33,Good,0
2024,July,24,NA,40,Good,0
2024,July,25,NA,54,Satisfactory,1
2024,July,26,NA,55,Satisfactory,1
2024,July,27,NA,42,Good,0
2024,July,28,NA,42,Good,0
2024,July,29,NA,40,Good,0
2024,July,30,NA,47,Good,0
2024,July,31,NA,52,Satisfactory,1
2024,August,1,NA,54,Satisfactory,1
2024,August,2,NA,42,Good,0
2024,August,3,NA,42,Good,0
2024,August,4,NA,45,Good,0
2024,August,5,NA,47,Good,0
2024,August,6,NA,50,Good,0
2024,August,7,NA,43,Good,0
2024,August,8,NA,40,Good,0
2024,August,9,NA,43,Good,0
2024,August,10,NA,45,Good,0
2024,August,11,NA,53,Satisfactory,1
2024,August,12,NA,59,Satisfactory,1
2024,August,13,NA,49,Good,0
2024,August,14,NA,61,Satisfactory,1
2024,August,15,NA,73,Satisfactory,1
2024,August,16,NA,50,Good,0
2024,August,17,NA,63,Satisfactory,1
2024,August,18,NA,50,Good,0
2024,August,19,NA,45,Good,0
2024,August,20,NA,63,Satisfactory,1
2024,August,21,NA,58,Satisfactory,1
2024,August,22,NA,62,Satisfactory,1
2024,August,23,NA,56,Satisfactory,1
2024,August,24,NA,43,Good,0
2024,August,25,NA,54,Satisfactory,1
2024,August,26,NA,82,Satisfactory,1
2024,August,27,NA,35,Good,0
2024,August,28,NA,37,Good,0
2024,August,29,NA,37,Good,0
2024,August,30,NA,46,Good,0
2024,August,31,NA,35,Good,0
2024,September,1,NA,38,Good,0
2024,September,2,NA,38,Good,0
2024,September,3,NA,45,Good,0
2024,September,4,NA,49,Good,0
2024,September,5,NA,50,Good,0
2024,September,6,NA,47,Good,0
2024,September,7,NA,57,Satisfactory,1
2024,September,8,NA,66,Satisfactory,1
2024,September,9,NA,40,Good,0
2024,September,10,NA,43,Good,0
2024,September,11,NA,48,Good,0
2024,September,12,NA,66,Satisfactory,1
2024,September,13,NA,82,Satisfactory,1
2024,September,14,NA,52,Satisfactory,1
2024,September,15,NA,46,Good,0
2024,September,16,NA,47,Good,0
2024,September,17,NA,56,Satisfactory,1
2024,September,18,NA,52,Satisfactory,1
2024,September,19,NA,87,Satisfactory,1
2024,September,20,NA,106,Moderate,2
2024,September,21,NA,88,Satisfactory,1
2024,September,22,NA,68,Satisfactory,1
2024,September,23,NA,95,Satisfactory,1
2024,September,24,NA,46,Good,0
2024,September,25,NA,37,Good,0
2024,September,26,NA,36,Good,0
2024,September,27,NA,34,Good,0
2024,September,28,NA,42,Good,0
2024,September,29,NA,44,Good,0
2024,September,30,NA,58,Satisfactory,1
2024,October,1,NA,85,Satisfactory,1
2024,October,2,NA,87,Satisfactory,1
2024,October,3,NA,100,Satisfactory,1
2024,October,4,NA,73,Satisfactory,1
2024,October,5,NA,69,Satisfactory,1
2024,October,6,NA,68,Satisfactory,1
2024,October,7,NA,54,Satisfactory,1
2024,October,8,NA,47,Good,0
2024,October,9,NA,50,Good,0
2024,October,10,NA,42,Good,0
2024,October,11,NA,48,Good,0
2024,October,12,NA,45,Good,0
2024,October,13,NA,59,Satisfactory,1
2024,October,14,NA,134,Moderate,2
2024,October,15,NA,177,Moderate,2
2024,October,16,NA,142,Moderate,2
2024,October,17,NA,83,Satisfactory,1
2024,October,18,NA,66,Satisfactory,1
2024,October,19,NA,53,Satisfactory,1
2024,October,20,NA,87,Satisfactory,1
2024,October,21,NA,120,Moderate,2
2024,October,22,NA,100,Satisfactory,1
2024,October,23,NA,89,Satisfactory,1
2024,October,24,NA,43,Good,0
2024,October,25,NA,44,Good,0
2024,October,26,NA,55,Satisfactory,1
2024,October,27,NA,71,Satisfactory,1
2024,October,28,NA,69,Satisfactory,1
2024,October,29,NA,78,Satisfactory,1
2024,October,30,NA,70,Satisfactory,1
2024,October,31,Diwali,57,Satisfactory,1
2024,November,1,NA,155,Moderate,2
2024,November,2,NA,242,Poor,3
2024,November,3,NA,178,Moderate,2
2024,November,4,NA,159,Moderate,2
2024,November,5,NA,150,Moderate,2
2024,November,6,NA,110,Moderate,2
2024,November,7,NA,102,Moderate,2
2024,November,8,NA,102,Moderate,2
2024,November,9,NA,96,Satisfactory,1
2024,November,10,NA,87,Satisfactory,1
2024,November,11,NA,90,Satisfactory,1
2024,November,12,NA,100,Satisfactory,1
2024,November,13,NA,103,Moderate,2
2024,November,14,NA,204,Poor,3
2024,November,15,NA,222,Poor,3
2024,November,16,NA,172,Moderate,2
2024,November,17,NA,202,Poor,3
2024,November,18,NA,178,Moderate,2
2024,November,19,NA,178,Moderate,2
2024,November,20,NA,173,Moderate,2
2024,November,21,NA,151,Moderate,2
2024,November,22,NA,164,Moderate,2
2024,November,23,NA,213,Poor,3
2024,November,24,NA,220,Poor,3
2024,November,25,NA,208,Poor,3
2024,November,26,NA,262,Poor,3
2024,November,27,NA,224,Poor,3
2024,November,28,NA,124,Moderate,2
2024,November,29,NA,93,Satisfactory,1
2024,November,30,NA,104,Moderate,2
2024,December,1,NA,85,Satisfactory,1
2024,December,2,NA,104,Moderate,2
2024,December,3,NA,191,Moderate,2
2024,December,4,NA,201,Poor,3
2024,December,5,NA,260,Poor,3
2024,December,6,NA,159,Moderate,2
2024,December,7,NA,129,Moderate,2
2024,December,8,NA,142,Moderate,2
2024,December,9,NA,167,Moderate,2
2024,December,10,NA,169,Moderate,2
2024,December,11,NA,161,Moderate,2
2024,December,12,NA,175,Moderate,2
2024,December,13,NA,165,Moderate,2
2024,December,14,NA,185,Moderate,2
2024,December,15,NA,157,Moderate,2
2024,December,16,NA,190,Moderate,2
2024,December,17,NA,207,Poor,3
2024,December,18,NA,191,Moderate,2
2024,December,19,NA,153,Moderate,2
2024,December,20,NA,174,Moderate,2
2024,December,21,NA,136,Moderate,2
2024,December,22,NA,81,Satisfactory,1
2024,December,23,NA,120,Moderate,2
2024,December,24,NA,126,Moderate,2
2024,December,25,NA,138,Moderate,2
2024,December,26,NA,150,Moderate,2
2024,December,27,NA,144,Moderate,2
2024,December,28,NA,178,Moderate,2
2024,December,29,NA,196,Moderate,2
2024,December,30,NA,159,Moderate,2
2024,December,31,NA,124,Moderate,2
